<?xml version="1.0" encoding="UTF-8"?>
<results version="2">
    <cppcheck version="1.84"/>
    <errors>
        <error id="variableScope" severity="style" msg="The scope of the variable &amp;#039;isLeapYear&amp;#039; can be reduced." verbose="The scope of the variable &amp;#039;isLeapYear&amp;#039; can be reduced. Warning: Be careful when fixing this message, especially when there are inner loops. Here is an example where cppcheck will write that the scope for &amp;#039;i&amp;#039; can be reduced:&#10;void f(int x)&#10;{&#10;    int i = 0;&#10;    if (x) {&#10;        // it&amp;#039;s safe to move &amp;#039;int i = 0;&amp;#039; here&#10;        for (int n = 0; n &amp;lt; 10; ++n) {&#10;            // it is possible but not safe to move &amp;#039;int i = 0;&amp;#039; here&#10;            do_something(&amp;amp;i);&#10;        }&#10;    }&#10;}&#10;When you see this message it is always safe to reduce the variable scope 1 level." sinceDate="2/14/2019">
            <location file="Day of The Week\Day of the Week.cpp" line="19"/>
        </error>
        <error id="variableScope" severity="style" msg="The scope of the variable &amp;#039;daysFebuary&amp;#039; can be reduced." verbose="The scope of the variable &amp;#039;daysFebuary&amp;#039; can be reduced. Warning: Be careful when fixing this message, especially when there are inner loops. Here is an example where cppcheck will write that the scope for &amp;#039;i&amp;#039; can be reduced:&#10;void f(int x)&#10;{&#10;    int i = 0;&#10;    if (x) {&#10;        // it&amp;#039;s safe to move &amp;#039;int i = 0;&amp;#039; here&#10;        for (int n = 0; n &amp;lt; 10; ++n) {&#10;            // it is possible but not safe to move &amp;#039;int i = 0;&amp;#039; here&#10;            do_something(&amp;amp;i);&#10;        }&#10;    }&#10;}&#10;When you see this message it is always safe to reduce the variable scope 1 level." sinceDate="2/14/2019">
            <location file="Day of The Week\Day of the Week.cpp" line="26"/>
        </error>
        <error id="unreadVariable" severity="style" msg="Variable &amp;#039;numDaysMonth&amp;#039; is assigned a value that is never used." verbose="Variable &amp;#039;numDaysMonth&amp;#039; is assigned a value that is never used." sinceDate="2/14/2019">
            <location file="Day of The Week\Day of the Week.cpp" line="20"/>
        </error>
        <error id="unreadVariable" severity="style" msg="Variable &amp;#039;dayOfWeek&amp;#039; is assigned a value that is never used." verbose="Variable &amp;#039;dayOfWeek&amp;#039; is assigned a value that is never used." sinceDate="2/14/2019">
            <location file="Day of The Week\Day of the Week.cpp" line="21"/>
        </error>
        <error id="unreadVariable" severity="style" msg="Variable &amp;#039;daysFebuary&amp;#039; is assigned a value that is never used." verbose="Variable &amp;#039;daysFebuary&amp;#039; is assigned a value that is never used." sinceDate="2/14/2019">
            <location file="Day of The Week\Day of the Week.cpp" line="85"/>
        </error>
        <error id="unreadVariable" severity="style" msg="Variable &amp;#039;MONTH_JANUARY&amp;#039; is assigned a value that is never used." verbose="Variable &amp;#039;MONTH_JANUARY&amp;#039; is assigned a value that is never used." sinceDate="2/14/2019">
            <location file="Day of The Week\Day of the Week.cpp" line="37"/>
        </error>
        <error id="unreadVariable" severity="style" msg="Variable &amp;#039;MONTH_FEBUARY&amp;#039; is assigned a value that is never used." verbose="Variable &amp;#039;MONTH_FEBUARY&amp;#039; is assigned a value that is never used." sinceDate="2/14/2019">
            <location file="Day of The Week\Day of the Week.cpp" line="38"/>
        </error>
        <error id="unreadVariable" severity="style" msg="Variable &amp;#039;MONTH_MARCH&amp;#039; is assigned a value that is never used." verbose="Variable &amp;#039;MONTH_MARCH&amp;#039; is assigned a value that is never used." sinceDate="2/14/2019">
            <location file="Day of The Week\Day of the Week.cpp" line="39"/>
        </error>
        <error id="unreadVariable" severity="style" msg="Variable &amp;#039;MONTH_APRIL&amp;#039; is assigned a value that is never used." verbose="Variable &amp;#039;MONTH_APRIL&amp;#039; is assigned a value that is never used." sinceDate="2/14/2019">
            <location file="Day of The Week\Day of the Week.cpp" line="40"/>
        </error>
        <error id="unreadVariable" severity="style" msg="Variable &amp;#039;MONTH_MAY&amp;#039; is assigned a value that is never used." verbose="Variable &amp;#039;MONTH_MAY&amp;#039; is assigned a value that is never used." sinceDate="2/14/2019">
            <location file="Day of The Week\Day of the Week.cpp" line="41"/>
        </error>
        <error id="unreadVariable" severity="style" msg="Variable &amp;#039;MONTH_JUNE&amp;#039; is assigned a value that is never used." verbose="Variable &amp;#039;MONTH_JUNE&amp;#039; is assigned a value that is never used." sinceDate="2/14/2019">
            <location file="Day of The Week\Day of the Week.cpp" line="42"/>
        </error>
        <error id="unreadVariable" severity="style" msg="Variable &amp;#039;MONTH_JULY&amp;#039; is assigned a value that is never used." verbose="Variable &amp;#039;MONTH_JULY&amp;#039; is assigned a value that is never used." sinceDate="2/14/2019">
            <location file="Day of The Week\Day of the Week.cpp" line="43"/>
        </error>
        <error id="unreadVariable" severity="style" msg="Variable &amp;#039;MONTH_AUGEST&amp;#039; is assigned a value that is never used." verbose="Variable &amp;#039;MONTH_AUGEST&amp;#039; is assigned a value that is never used." sinceDate="2/14/2019">
            <location file="Day of The Week\Day of the Week.cpp" line="44"/>
        </error>
        <error id="unreadVariable" severity="style" msg="Variable &amp;#039;MONTH_SEPTEMBER&amp;#039; is assigned a value that is never used." verbose="Variable &amp;#039;MONTH_SEPTEMBER&amp;#039; is assigned a value that is never used." sinceDate="2/14/2019">
            <location file="Day of The Week\Day of the Week.cpp" line="45"/>
        </error>
        <error id="unreadVariable" severity="style" msg="Variable &amp;#039;MONTH_OCTOBER&amp;#039; is assigned a value that is never used." verbose="Variable &amp;#039;MONTH_OCTOBER&amp;#039; is assigned a value that is never used." sinceDate="2/14/2019">
            <location file="Day of The Week\Day of the Week.cpp" line="46"/>
        </error>
        <error id="unreadVariable" severity="style" msg="Variable &amp;#039;MONTH_NOVEMBER&amp;#039; is assigned a value that is never used." verbose="Variable &amp;#039;MONTH_NOVEMBER&amp;#039; is assigned a value that is never used." sinceDate="2/14/2019">
            <location file="Day of The Week\Day of the Week.cpp" line="47"/>
        </error>
        <error id="unreadVariable" severity="style" msg="Variable &amp;#039;MONTH_DECEMBER&amp;#039; is assigned a value that is never used." verbose="Variable &amp;#039;MONTH_DECEMBER&amp;#039; is assigned a value that is never used." sinceDate="2/14/2019">
            <location file="Day of The Week\Day of the Week.cpp" line="48"/>
        </error>
        <error id="uninitvar" severity="error" msg="Uninitialized variable: isLeapYear" verbose="Uninitialized variable: isLeapYear" sinceDate="2/14/2019">
            <location file="Day of The Week\Day of the Week.cpp" line="84"/>
        </error>
    </errors>
</results>
