<?xml version="1.0" encoding="UTF-8"?>
<DEFECTS>
  <DEFECT>
    <SFA>
      <FILEPATH>c:\users\pk12101\desktop\git\cpt-234-001\projects\vs 2017 - cpt 234 - profit\vs 2017 - cpt 234 - profit\</FILEPATH>
      <FILENAME>main.cpp</FILENAME>
      <LINE>21</LINE>
      <COLUMN>6</COLUMN>
    </SFA>
    <DEFECTCODE>6031</DEFECTCODE>
    <DESCRIPTION>Return value ignored: 'scanf'.</DESCRIPTION>
    <FUNCTION>main</FUNCTION>
    <DECORATED>main</DECORATED>
    <FUNCLINE>10</FUNCLINE>
    <PATH></PATH>
  </DEFECT>
</DEFECTS>