<?xml version="1.0" encoding="UTF-8"?>
<results version="2">
    <cppcheck version="1.84"/>
    <errors>
        <error id="variableScope" severity="style" msg="The scope of the variable &amp;#039;shippingCharge&amp;#039; can be reduced." verbose="The scope of the variable &amp;#039;shippingCharge&amp;#039; can be reduced. Warning: Be careful when fixing this message, especially when there are inner loops. Here is an example where cppcheck will write that the scope for &amp;#039;i&amp;#039; can be reduced:\012void f(int x)\012{\012    int i = 0;\012    if (x) {\012        // it&amp;#039;s safe to move &amp;#039;int i = 0;&amp;#039; here\012        for (int n = 0; n &amp;lt; 10; ++n) {\012            // it is possible but not safe to move &amp;#039;int i = 0;&amp;#039; here\012            do_something(&amp;amp;i);\012        }\012    }\012}\012When you see this message it is always safe to reduce the variable scope 1 level." sinceDate="2/12/2019">
            <location file="Shipping Charges\Shipping Charges.cpp" line="16"/>
        </error>
        <error id="variableScope" severity="style" msg="The scope of the variable &amp;#039;shippingRate&amp;#039; can be reduced." verbose="The scope of the variable &amp;#039;shippingRate&amp;#039; can be reduced. Warning: Be careful when fixing this message, especially when there are inner loops. Here is an example where cppcheck will write that the scope for &amp;#039;i&amp;#039; can be reduced:\012void f(int x)\012{\012    int i = 0;\012    if (x) {\012        // it&amp;#039;s safe to move &amp;#039;int i = 0;&amp;#039; here\012        for (int n = 0; n &amp;lt; 10; ++n) {\012            // it is possible but not safe to move &amp;#039;int i = 0;&amp;#039; here\012            do_something(&amp;amp;i);\012        }\012    }\012}\012When you see this message it is always safe to reduce the variable scope 1 level." sinceDate="2/12/2019">
            <location file="Shipping Charges\Shipping Charges.cpp" line="17"/>
        </error>
    </errors>
</results>
